scroll_up,88.86506625215557,16.1245154965971,0,0,1,0
scroll_up,62.96824596572466,10.198039027185569,0,0,1,0
scroll_up,82.87339742040264,14.317821063276353,0,0,1,0
scroll_up,82.15229759416349,16.76305461424021,0,0,1,0
scroll_up,76.21679604916491,10.63014581273465,0,0,1,0
scroll_up,75.92759709091287,19.72308292331602,0,0,1,0
scroll_up,68.4470598345904,17.88854381999832,0,0,1,0
scroll_up,69.85699678629192,17.204650534085253,0,0,1,0
scroll_up,83.16850365372699,18.601075237738275,0,0,1,0
scroll_up,68.65857557508748,17.46424919657298,0,0,1,0
scroll_up,80.32434251209281,13.601470508735444,0,0,1,0
scroll_up,98.84331034521254,17.26267650163207,0,0,1,0
scroll_up,89.69392398596462,15.033296378372908,0,0,1,0
scroll_up,123.30855606972291,23.08679276123039,0,0,1,0
scroll_up,61.35144660071187,10.198039027185569,0,0,1,0
scroll_up,62.297672508690084,11.704699910719626,0,0,1,0
scroll_up,84.17244204607586,13.416407864998739,0,0,1,0
scroll_up,74.63243262818116,9.219544457292887,0,0,1,0
scroll_up,76.6550715869472,10.04987562112089,0,0,1,0
scroll_up,80.95677859203639,13.038404810405298,0,0,1,0
scroll_up,78.10889834071403,13.152946437965905,0,0,1,0
scroll_up,76.40026177965623,16.1245154965971,0,0,1,0
scroll_up,79.47955712005447,12.0,0,0,1,0
scroll_up,79.20227269466452,16.0312195418814,0,0,1,0
scroll_up,72.44998274671983,18.027756377319946,0,0,1,0
scroll_up,79.6994353806851,21.633307652783937,0,0,1,0
scroll_up,59.665735560705194,12.041594578792296,0,0,1,0
scroll_up,61.40032573203501,12.165525060596439,0,0,1,0
scroll_up,62.625873247404705,13.0,0,0,1,0
scroll_up,61.98386886924694,13.152946437965905,0,0,1,0
scroll_up,66.61080993352356,9.219544457292887,0,0,1,0
scroll_up,56.64803615307419,12.36931687685298,0,0,1,0
scroll_up,66.70832032063167,10.0,0,0,1,0
scroll_up,113.05308487608819,25.019992006393608,0,0,1,0
scroll_up,90.13878188659973,23.53720459187964,0,0,1,0
scroll_up,70.03570517957252,20.615528128088304,0,0,1,0
scroll_up,63.28506932918696,19.697715603592208,0,0,1,0
scroll_up,67.11929677819934,18.788294228055936,0,0,1,0
scroll_up,60.530983801686226,17.72004514666935,0,0,1,0
scroll_up,68.8839603971781,12.649110640673518,0,0,1,0
scroll_up,57.87054518492115,10.816653826391969,0,0,1,0
scroll_up,121.00413216084813,29.732137494637012,0,0,1,0
scroll_up,77.88452991448301,17.0,0,0,1,0
scroll_up,75.13321502504735,12.083045973594572,0,0,1,0
scroll_up,68.00735254367721,17.26267650163207,0,0,1,0
scroll_up,74.43117626371358,17.11724276862369,0,0,1,0
scroll_up,51.97114584074513,13.601470508735444,0,0,1,0
scroll_up,57.0087712549569,12.0,0,0,1,0
scroll_up,53.36665625650534,18.384776310850235,0,0,1,0
scroll_up,59.413803110051795,14.142135623730951,0,0,1,0
scroll_up,45.27692569068709,8.54400374531753,0,0,1,0
scroll_up,48.041648597857254,10.04987562112089,0,0,1,0
scroll_up,52.23983154643591,11.0,0,0,1,0
scroll_up,51.088159097779204,14.0,0,0,1,0
scroll_up,54.12947441089743,10.04987562112089,0,0,1,0
scroll_up,56.515484603779164,11.045361017187261,0,0,1,0
scroll_up,132.51792331605563,19.4164878389476,0,0,1,0
scroll_up,67.62396025078685,10.04987562112089,0,0,1,0
scroll_up,51.62363799656123,10.0,0,0,1,0
scroll_up,47.16990566028302,8.06225774829855,0,0,1,0
scroll_up,88.05112151472007,22.0,0,0,1,0
scroll_up,67.26812023536856,18.439088914585774,0,0,1,0
scroll_up,50.24937810560445,11.180339887498949,0,0,1,0
scroll_up,51.78802950489621,14.866068747318506,0,0,1,0
scroll_up,72.18032973047436,20.615528128088304,0,0,1,0
scroll_up,89.08984229416954,21.587033144922902,0,0,1,0
scroll_up,105.23307464861035,22.360679774997898,0,0,1,0
scroll_up,114.1402645870422,20.024984394500787,0,0,1,0
scroll_up,117.27744881263405,23.08679276123039,0,0,1,0
scroll_up,69.35416353759881,18.24828759089466,0,0,1,0
scroll_up,58.137767414994535,15.811388300841896,0,0,1,0
scroll_up,57.07889277132134,16.15549442140351,0,0,1,0
scroll_up,66.06814663663572,15.231546211727817,0,0,1,0
scroll_up,63.387695966961914,16.15549442140351,0,0,1,0
scroll_up,64.13267497929586,17.72004514666935,0,0,1,0
scroll_up,66.94027188471824,19.4164878389476,0,0,1,0
scroll_up,71.84010022264724,22.360679774997898,0,0,1,0
scroll_up,67.91170738539859,20.396078054371138,0,0,1,0
scroll_up,63.150613615387776,15.297058540778355,0,0,1,0
scroll_up,59.135437767890075,18.439088914585774,0,0,1,0
scroll_up,54.589376255824725,14.317821063276353,0,0,1,0
scroll_up,61.5223536610881,16.15549442140351,0,0,1,0
scroll_up,67.06713054842886,15.231546211727817,0,0,1,0
scroll_up,71.00704190430693,16.15549442140351,0,0,1,0
scroll_up,52.61178575186362,14.317821063276353,0,0,1,0
scroll_up,57.0,13.0,0,0,1,0
scroll_up,47.0,11.704699910719626,0,0,1,0
scroll_up,53.150729063673246,15.524174696260024,0,0,1,0
scroll_up,65.03076195155643,16.278820596099706,0,0,1,0
scroll_up,68.3593446428504,17.0,0,0,1,0
scroll_up,77.87810988975015,17.029386365926403,0,0,1,0
scroll_up,69.72087205421343,19.1049731745428,0,0,1,0
scroll_up,63.387695966961914,15.132745950421556,0,0,1,0
scroll_up,66.03029607687671,16.1245154965971,0,0,1,0
scroll_up,64.19501538281614,14.866068747318506,0,0,1,0
scroll_up,58.137767414994535,13.601470508735444,0,0,1,0
scroll_up,56.32051136131489,13.0,0,0,1,0
scroll_up,56.71860364994893,13.0,0,0,1,0
scroll_up,96.51942809610924,21.213203435596427,0,0,1,0
scroll_up,104.75208828467335,24.020824298928627,0,0,1,0
scroll_up,107.93516572461452,28.0178514522438,0,0,1,0
scroll_up,119.61605243444544,30.14962686336267,0,0,1,0
scroll_up,99.92497185388645,24.515301344262525,0,0,1,0
scroll_up,92.70382947861431,21.02379604162864,0,0,1,0
scroll_up,109.59014554237986,30.4138126514911,0,0,1,0
scroll_up,105.70241246064349,29.068883707497267,0,0,1,0
scroll_up,99.16148445843275,29.0,0,0,1,0
scroll_up,93.92017887546851,22.20360331117452,0,0,1,0
scroll_up,85.44003745317531,22.561028345356956,0,0,1,0
scroll_up,85.86617494683223,17.72004514666935,0,0,1,0
scroll_up,83.43260753446461,17.46424919657298,0,0,1,0
scroll_up,78.85429601486528,19.697715603592208,0,0,1,0
scroll_up,92.76313923105448,20.591260281974,0,0,1,0
scroll_up,96.56603957913983,21.02379604162864,0,0,1,0
scroll_up,104.75208828467335,26.019223662515376,0,0,1,0
scroll_up,95.0789145920377,25.317977802344327,0,0,1,0
scroll_up,90.47098982546837,24.351591323771842,0,0,1,0
scroll_up,83.6719785830358,20.615528128088304,0,0,1,0
scroll_up,74.46475676452586,19.4164878389476,0,0,1,0
scroll_up,66.12866246946176,15.524174696260024,0,0,1,0
scroll_up,57.87054518492115,14.560219778561036,0,0,1,0
scroll_up,57.9396237474839,16.0312195418814,0,0,1,0
scroll_up,53.75872022286245,13.341664064126334,0,0,1,0
scroll_up,50.0,13.0,0,0,1,0
scroll_up,50.44799302251776,11.704699910719626,0,0,1,0
scroll_up,48.662100242385755,12.649110640673518,0,0,1,0
scroll_up,48.507731342539614,12.649110640673518,0,0,1,0
scroll_up,46.09772228646444,13.416407864998739,0,0,1,0
scroll_up,53.9351462406472,11.704699910719626,0,0,1,0
scroll_up,54.57105459856901,12.36931687685298,0,0,1,0
scroll_up,63.56099432828282,15.524174696260024,0,0,1,0
scroll_up,42.37924020083418,12.083045973594572,0,0,1,0
scroll_up,40.52159917870962,10.198039027185569,0,0,1,0
scroll_up,40.162171256046406,10.770329614269007,0,0,1,0
scroll_up,41.0,11.704699910719626,0,0,1,0
scroll_up,41.0,11.704699910719626,0,0,1,0
scroll_up,46.52956049652737,11.180339887498949,0,0,1,0
scroll_up,59.22837157984339,14.317821063276353,0,0,1,0
scroll_up,61.98386886924694,14.7648230602334,0,0,1,0
scroll_up,62.5859409132754,16.76305461424021,0,0,1,0
scroll_up,61.35144660071187,18.681541692269406,0,0,1,0
scroll_up,92.39588735436226,23.08679276123039,0,0,1,0
scroll_up,76.00657866263946,17.26267650163207,0,0,1,0
scroll_up,69.58448102845921,18.681541692269406,0,0,1,0
scroll_up,65.00769185258002,18.027756377319946,0,0,1,0
scroll_up,70.00714249274856,17.08800749063506,0,0,1,0
scroll_up,76.05918747922567,15.297058540778355,0,0,1,0
scroll_up,73.02739212103907,19.924858845171276,0,0,1,0
scroll_up,87.00574693662483,18.110770276274835,0,0,1,0
scroll_up,97.67292357659824,20.024984394500787,0,0,1,0
scroll_up,101.41498903022176,19.6468827043885,0,0,1,0
scroll_up,71.8679344353238,18.027756377319946,0,0,1,0
scroll_up,94.86832980505137,23.259406699226016,0,0,1,0
scroll_up,94.42986815621421,29.154759474226502,0,0,1,0
scroll_up,77.07788269017254,22.47220505424423,0,0,1,0
scroll_up,54.78138369920935,14.317821063276353,0,0,1,0
scroll_up,51.86520991955976,15.264337522473747,0,0,1,0
scroll_up,73.53910524340094,16.55294535724685,0,0,1,0
scroll_up,92.70382947861431,9.486832980505138,0,0,1,0
scroll_up,80.99382692526635,25.495097567963924,0,0,1,0
scroll_up,74.0,19.026297590440446,0,0,1,0
scroll_up,73.00684899377592,17.26267650163207,0,0,1,0
scroll_up,68.26419266350405,18.973665961010276,0,0,1,0
scroll_up,73.02739212103907,15.297058540778355,0,0,1,0
scroll_up,80.89499366462674,15.0,0,0,1,0
scroll_up,113.35784048754634,27.0,0,0,1,0
scroll_up,79.90619500389191,22.561028345356956,0,0,1,0
scroll_up,78.23042886243178,20.396078054371138,0,0,1,0
scroll_up,107.11675872616759,26.076809620810597,0,0,1,0
scroll_up,100.60318086422517,25.495097567963924,0,0,1,0
scroll_up,87.46427842267951,22.561028345356956,0,0,1,0
scroll_up,109.17875251164945,27.892651361962706,0,0,1,0
scroll_up,137.23337786413333,32.01562118716424,0,0,1,0
scroll_up,131.03434664239754,35.0,0,0,1,0
scroll_up,147.97972834141845,37.0,0,0,1,0
scroll_up,136.194713553794,24.186773244895647,0,0,1,0
scroll_up,100.00499987500625,22.80350850198276,0,0,1,0
scroll_up,87.09190547921202,19.924858845171276,0,0,1,0
scroll_up,82.21921916437786,18.973665961010276,0,0,1,0
scroll_up,96.62815324738438,18.439088914585774,0,0,1,0
scroll_up,97.02061636580135,21.37755832643195,0,0,1,0
scroll_up,75.0066663703967,19.313207915827967,0,0,1,0
scroll_up,119.10499569707393,27.294688127912362,0,0,1,0
scroll_up,153.08167754502824,31.144823004794873,0,0,1,0
scroll_up,179.0111728356641,35.22782990761707,0,0,1,0
scroll_up,174.82848738120455,46.010868281309364,0,0,1,0
scroll_up,110.54863183232979,29.832867780352597,0,0,1,0
scroll_up,105.04284840006957,26.476404589747453,0,0,1,0
scroll_up,108.11567878897121,25.317977802344327,0,0,1,0
scroll_up,161.37224048763778,34.058772731852805,0,0,1,0
scroll_up,119.41942890501528,25.079872407968907,0,0,1,0
scroll_up,82.87339742040264,23.40939982143925,0,0,1,0
scroll_up,94.25497334358543,15.524174696260024,0,0,1,0
scroll_up,86.97700845625813,17.72004514666935,0,0,1,0
scroll_up,97.29337079164233,21.470910553583888,0,0,1,0
scroll_up,103.4842983258813,25.495097567963924,0,0,1,0
scroll_up,83.21658488546619,21.400934559032695,0,0,1,0
scroll_up,85.38149682454625,21.633307652783937,0,0,1,0
scroll_up,90.2551937563706,22.847319317591726,0,0,1,0
scroll_up,49.64876634922564,13.038404810405298,0,0,1,0
scroll_up,50.32891812864648,13.416407864998739,0,0,1,0
scroll_up,47.4236228055175,13.038404810405298,0,0,1,0
scroll_up,41.593268686170845,11.40175425099138,0,0,1,0
scroll_up,51.54609587543949,14.317821063276353,0,0,1,0
scroll_up,61.18823416311342,16.15549442140351,0,0,1,0
scroll_up,62.6418390534633,18.384776310850235,0,0,1,0
scroll_up,56.64803615307419,17.08800749063506,0,0,1,0
scroll_up,50.99019513592785,13.892443989449804,0,0,1,0
scroll_up,57.21887800367987,15.811388300841896,0,0,1,0
scroll_up,65.03076195155643,16.492422502470642,0,0,1,0
scroll_up,57.21887800367987,14.560219778561036,0,0,1,0
scroll_up,72.11102550927978,18.439088914585774,0,0,1,0
scroll_up,100.68763578513501,16.278820596099706,0,0,1,0
scroll_up,86.02325267042627,15.231546211727817,0,0,1,0
scroll_up,76.92203845452875,13.892443989449804,0,0,1,0
scroll_up,114.96521212958292,19.026297590440446,0,0,1,0
scroll_up,110.57124400132251,22.0,0,0,1,0
scroll_up,88.60022573334675,20.024984394500787,0,0,1,0
scroll_up,80.4114419718985,18.027756377319946,0,0,1,0
scroll_up,60.440052945046304,14.422205101855956,0,0,1,0
scroll_up,55.54277630799526,13.92838827718412,0,0,1,0
scroll_up,56.43580423808985,13.92838827718412,0,0,1,0
scroll_up,54.57105459856901,13.416407864998739,0,0,1,0
scroll_up,53.45091205957107,13.038404810405298,0,0,1,0
scroll_up,49.33558553417604,14.422205101855956,0,0,1,0
scroll_up,47.16990566028302,13.038404810405298,0,0,1,0
scroll_up,53.36665625650534,15.264337522473747,0,0,1,0
scroll_up,53.08483775994799,16.492422502470642,0,0,1,0
scroll_up,31.38470965295043,10.63014581273465,0,0,1,0
scroll_up,38.47076812334269,12.041594578792296,0,0,1,0
scroll_up,35.84689665786984,12.041594578792296,0,0,1,0
scroll_up,40.792156108742276,14.422205101855956,0,0,1,0
scroll_up,44.553338819890925,15.652475842498529,0,0,1,0
scroll_up,48.093658625644196,15.652475842498529,0,0,1,0
scroll_up,56.43580423808985,16.64331697709324,0,0,1,0
scroll_up,63.245553203367585,16.492422502470642,0,0,1,0
scroll_up,83.773504164503,19.6468827043885,0,0,1,0
scroll_up,74.32361670424818,16.492422502470642,0,0,1,0
scroll_up,55.08175741568164,14.866068747318506,0,0,1,0
scroll_up,48.507731342539614,15.264337522473747,0,0,1,0
scroll_up,45.35416188179427,15.652475842498529,0,0,1,0
scroll_up,38.948684188300895,12.206555615733702,0,0,1,0
scroll_up,38.948684188300895,10.63014581273465,0,0,1,0
scroll_up,38.897300677553446,10.0,0,0,1,0
scroll_up,42.05948168962618,10.04987562112089,0,0,1,0
scroll_up,40.85339643163099,9.055385138137417,0,0,1,0
scroll_up,41.10960958218893,9.219544457292887,0,0,1,0
scroll_up,40.80441152620633,9.848857801796104,0,0,1,0
scroll_up,40.311288741492746,8.06225774829855,0,0,1,0
scroll_up,54.70831746635972,11.704699910719626,0,0,1,0
scroll_up,104.30723848324239,25.298221281347036,0,0,1,0
scroll_up,85.32877591996736,23.53720459187964,0,0,1,0
scroll_up,97.25224933131366,28.0178514522438,0,0,1,0
scroll_up,95.04735661763561,26.1725046566048,0,0,1,0
scroll_up,88.0056816347672,18.110770276274835,0,0,1,0
scroll_up,68.06614430096654,19.026297590440446,0,0,1,0
scroll_up,63.06346010171025,15.524174696260024,0,0,1,0
scroll_up,74.00675644831355,18.0,0,0,1,0
scroll_up,73.824115301167,22.20360331117452,0,0,1,0
scroll_up,74.81310045707235,20.0,0,0,1,0
scroll_up,76.53103945458993,19.026297590440446,0,0,1,0
scroll_up,81.74350127074322,20.0,0,0,1,0
scroll_up,66.007575322837,17.0,0,0,1,0
scroll_up,63.953107821277925,20.615528128088304,0,0,1,0
scroll_up,64.6297145282261,21.587033144922902,0,0,1,0
scroll_up,64.77653896280658,19.4164878389476,0,0,1,0
scroll_up,62.369864518050704,18.24828759089466,0,0,1,0
scroll_up,65.0,19.6468827043885,0,0,1,0
scroll_up,68.9492567037528,21.587033144922902,0,0,1,0
scroll_up,69.28924880528002,23.08679276123039,0,0,1,0
scroll_up,80.65358020571685,24.351591323771842,0,0,1,0
scroll_up,83.21658488546619,25.632011235952593,0,0,1,0
scroll_up,78.0,23.40939982143925,0,0,1,0
scroll_up,75.23961722390672,22.135943621178654,0,0,1,0
scroll_up,66.70832032063167,18.439088914585774,0,0,1,0
scroll_up,65.19202405202648,17.11724276862369,0,0,1,0
scroll_up,70.66116330771806,15.0,0,0,1,0
scroll_up,67.23094525588644,12.041594578792296,0,0,1,0
scroll_up,72.94518489934754,12.36931687685298,0,0,1,0
scroll_up,74.70609078247904,19.4164878389476,0,0,1,0
scroll_up,75.64390259630977,22.561028345356956,0,0,1,0
scroll_up,75.28612089887484,23.021728866442675,0,0,1,0
scroll_up,81.58431221748455,23.08679276123039,0,0,1,0
scroll_up,81.21576201698781,22.561028345356956,0,0,1,0
scroll_up,89.67719888578144,27.65863337187866,0,0,1,0
scroll_up,116.66190466471906,26.832815729997478,0,0,1,0
scroll_up,65.92419889539804,18.0,0,0,1,0
scroll_up,61.18823416311342,14.142135623730951,0,0,1,0
scroll_up,62.93647591023825,16.1245154965971,0,0,1,0
scroll_up,76.89603370785778,18.0,0,0,1,0
scroll_up,80.95677859203639,20.0,0,0,1,0
scroll_up,82.28000972289685,21.0,0,0,1,0
scroll_up,78.77182237323191,18.0,0,0,1,0
scroll_down,100.71742649611338,22.090722034374522,0,0,0,1
scroll_down,99.24716620639605,20.09975124224178,0,0,0,1
scroll_down,82.73451516749222,18.0,0,0,0,1
scroll_down,69.72087205421343,15.0,0,0,0,1
scroll_down,60.8276253029822,13.152946437965905,0,0,0,1
scroll_down,66.48308055437865,15.297058540778355,0,0,0,1
scroll_down,72.56031973468694,17.029386365926403,0,0,0,1
scroll_down,68.3593446428504,15.033296378372908,0,0,0,1
scroll_down,89.02246907382428,17.88854381999832,0,0,0,1
scroll_down,83.81527307120105,17.4928556845359,0,0,0,1
scroll_down,90.24965373894794,21.633307652783937,0,0,0,1
scroll_down,75.96051605933177,20.396078054371138,0,0,0,1
scroll_down,74.84650960465692,15.264337522473747,0,0,0,1
scroll_down,107.56393447619885,21.587033144922902,0,0,0,1
scroll_down,108.25894882179486,24.186773244895647,0,0,0,1
scroll_down,100.16985574512923,20.223748416156685,0,0,0,1
scroll_down,81.74350127074322,17.26267650163207,0,0,0,1
scroll_down,82.60750571225353,16.0312195418814,0,0,0,1
scroll_down,82.49242389456137,16.0,0,0,0,1
scroll_down,75.95393340703298,17.0,0,0,0,1
scroll_down,69.35416353759881,14.142135623730951,0,0,0,1
scroll_down,77.31752712031083,16.0312195418814,0,0,0,1
scroll_down,86.05230967266364,15.0,0,0,0,1
scroll_down,87.09190547921202,16.492422502470642,0,0,0,1
scroll_down,91.02197536858887,13.0,0,0,0,1
scroll_down,92.02173656261873,16.0312195418814,0,0,0,1
scroll_down,93.04837451562494,18.439088914585774,0,0,0,1
scroll_down,98.08159868191383,19.1049731745428,0,0,0,1
scroll_down,103.04368005850722,19.026297590440446,0,0,0,1
scroll_down,102.04410811016969,19.235384061671343,0,0,0,1
scroll_down,101.01980003939822,19.235384061671343,0,0,0,1
scroll_down,100.04498987955368,20.396078054371138,0,0,0,1
scroll_down,110.45361017187261,21.37755832643195,0,0,0,1
scroll_down,124.45882853377658,26.248809496813376,0,0,0,1
scroll_down,103.01941564578979,20.223748416156685,0,0,0,1
scroll_down,89.00561780022652,18.0,0,0,0,1
scroll_down,86.00581375697809,18.0,0,0,0,1
scroll_down,91.26883367283708,18.0,0,0,0,1
scroll_down,99.24716620639605,20.396078054371138,0,0,0,1
scroll_down,68.26419266350405,21.587033144922902,0,0,0,1
scroll_down,83.05419917138447,21.095023109728988,0,0,0,1
scroll_down,98.00510190801293,19.1049731745428,0,0,0,1
scroll_down,94.00531899844816,18.439088914585774,0,0,0,1
scroll_down,91.00549433962765,19.4164878389476,0,0,0,1
scroll_down,93.02150289046077,20.396078054371138,0,0,0,1
scroll_down,95.00526301210897,21.095023109728988,0,0,0,1
scroll_down,95.02105029939419,21.37755832643195,0,0,0,1
scroll_down,92.13576938409967,19.1049731745428,0,0,0,1
scroll_down,82.21921916437786,18.110770276274835,0,0,0,1
scroll_down,78.23042886243178,17.11724276862369,0,0,0,1
scroll_down,76.16429609731846,15.132745950421556,0,0,0,1
scroll_down,72.17340230306452,15.297058540778355,0,0,0,1
scroll_down,71.17583859709698,14.035668847618199,0,0,0,1
scroll_down,69.1158447825099,13.152946437965905,0,0,0,1
scroll_down,63.00793600809346,13.038404810405298,0,0,0,1
scroll_down,64.07027391856539,15.297058540778355,0,0,0,1
scroll_down,65.12296062065974,15.132745950421556,0,0,0,1
scroll_down,66.06814663663572,15.033296378372908,0,0,0,1
scroll_down,66.37017402418047,16.278820596099706,0,0,0,1
scroll_down,67.47592163134935,16.0312195418814,0,0,0,1
scroll_down,69.46221994724903,15.132745950421556,0,0,0,1
scroll_down,73.33484846919642,17.26267650163207,0,0,0,1
scroll_down,75.16648189186454,18.439088914585774,0,0,0,1
scroll_down,75.02666192761077,17.26267650163207,0,0,0,1
scroll_down,74.06078584514209,18.027756377319946,0,0,0,1
scroll_down,73.00684899377592,17.72004514666935,0,0,0,1
scroll_down,69.1158447825099,16.76305461424021,0,0,0,1
scroll_down,71.25307010929424,17.08800749063506,0,0,0,1
scroll_down,71.7007670809734,16.15549442140351,0,0,0,1
scroll_down,70.21395872616783,16.492422502470642,0,0,0,1
scroll_down,75.31268153505093,19.235384061671343,0,0,0,1
scroll_down,82.37718130647589,17.72004514666935,0,0,0,1
scroll_down,89.56003573022959,16.492422502470642,0,0,0,1
scroll_down,92.65527507918802,18.24828759089466,0,0,0,1
scroll_down,90.27181176868004,16.1245154965971,0,0,0,1
scroll_down,80.02499609497022,17.72004514666935,0,0,0,1
scroll_down,96.16652224137046,29.206163733020468,0,0,0,1
scroll_down,95.2102935611481,31.240998703626616,0,0,0,1
scroll_down,93.637599285757,26.419689627245813,0,0,0,1
scroll_down,65.11528238439882,22.80350850198276,0,0,0,1
scroll_down,56.43580423808985,18.601075237738275,0,0,0,1
scroll_down,54.147945482723536,16.64331697709324,0,0,0,1
scroll_down,51.088159097779204,15.620499351813308,0,0,0,1
scroll_down,53.600373133029585,17.69180601295413,0,0,0,1
scroll_down,61.032778078668514,14.422205101855956,0,0,0,1
scroll_down,62.609903369994115,14.422205101855956,0,0,0,1
scroll_down,60.8276253029822,15.811388300841896,0,0,0,1
scroll_down,60.40695324215582,15.811388300841896,0,0,0,1
scroll_down,61.40032573203501,17.204650534085253,0,0,0,1
scroll_down,54.70831746635972,15.811388300841896,0,0,0,1
scroll_down,53.48831648126533,13.038404810405298,0,0,0,1
scroll_down,59.23681287847955,15.0,0,0,0,1
scroll_down,68.0294054067798,19.4164878389476,0,0,0,1
scroll_down,81.85963596303125,16.76305461424021,0,0,0,1
scroll_down,80.4114419718985,22.20360331117452,0,0,0,1
scroll_down,67.47592163134935,22.360679774997898,0,0,0,1
scroll_down,72.44308110509934,24.186773244895647,0,0,0,1
scroll_down,80.75270893288967,28.30194339616981,0,0,0,1
scroll_down,79.76214641043707,27.294688127912362,0,0,0,1
scroll_down,80.39900496896712,27.784887978899608,0,0,0,1
scroll_down,92.34717104492157,30.886890422961002,0,0,0,1
scroll_down,78.0,23.259406699226016,0,0,0,1
scroll_down,76.00657866263946,24.186773244895647,0,0,0,1
scroll_down,72.11102550927978,25.238858928247925,0,0,0,1
scroll_down,72.17340230306452,24.186773244895647,0,0,0,1
scroll_down,78.85429601486528,25.059928172283335,0,0,0,1
scroll_down,68.35202996254024,25.079872407968907,0,0,0,1
scroll_down,78.10249675906654,21.95449840010015,0,0,0,1
scroll_down,65.76473218982953,20.248456731316587,0,0,0,1
scroll_down,61.5223536610881,17.88854381999832,0,0,0,1
scroll_down,54.147945482723536,13.341664064126334,0,0,0,1
scroll_down,51.0098029794274,13.601470508735444,0,0,0,1
scroll_down,52.03844732503075,14.866068747318506,0,0,0,1
scroll_down,50.15974481593781,14.317821063276353,0,0,0,1
scroll_down,48.373546489791295,12.083045973594572,0,0,0,1
scroll_down,49.16299421312742,13.416407864998739,0,0,0,1
scroll_down,53.23532661682466,15.264337522473747,0,0,0,1
scroll_down,54.147945482723536,16.1245154965971,0,0,0,1
scroll_down,58.215118311311535,16.55294535724685,0,0,0,1
scroll_down,60.29925372672534,18.35755975068582,0,0,0,1
scroll_down,68.65857557508748,17.72004514666935,0,0,0,1
scroll_down,62.16912416947821,14.317821063276353,0,0,0,1
scroll_down,51.419840528729765,12.649110640673518,0,0,0,1
scroll_down,45.12205669071391,12.083045973594572,0,0,0,1
scroll_down,42.44997055358225,10.44030650891055,0,0,0,1
scroll_down,41.7612260356422,10.770329614269007,0,0,0,1
scroll_down,50.15974481593781,13.0,0,0,0,1
scroll_down,56.00892785976178,17.46424919657298,0,0,0,1
scroll_down,66.03029607687671,23.323807579381203,0,0,0,1
scroll_down,72.24956747275377,26.627053911388696,0,0,0,1
scroll_down,74.54528824815154,27.459060435491963,0,0,0,1
scroll_down,67.68308503607086,29.154759474226502,0,0,0,1
scroll_down,60.67124524847005,25.632011235952593,0,0,0,1
scroll_down,65.06919393998976,16.15549442140351,0,0,0,1
scroll_down,62.03224967708329,15.811388300841896,0,0,0,1
scroll_down,102.69371937952194,25.80697580112788,0,0,0,1
scroll_down,58.309518948453004,26.832815729997478,0,0,0,1
scroll_down,80.52328855678958,21.540659228538015,0,0,0,1
scroll_down,54.037024344425184,21.37755832643195,0,0,0,1
scroll_down,77.41446893184762,20.12461179749811,0,0,0,1
scroll_down,76.94153624668537,20.591260281974,0,0,0,1
scroll_down,87.29833904490967,20.518284528683193,0,0,0,1
scroll_down,93.96275858019496,23.021728866442675,0,0,0,1
scroll_down,96.20810776644555,24.698178070456937,0,0,0,1
scroll_down,113.08846094982458,26.076809620810597,0,0,0,1
scroll_down,116.36150566231085,27.65863337187866,0,0,0,1
scroll_down,122.18837915284743,31.622776601683793,0,0,0,1
scroll_down,51.35172830587107,26.92582403567252,0,0,0,1
scroll_down,97.32420048477151,25.079872407968907,0,0,0,1
scroll_down,82.09750300709517,29.68164415931166,0,0,0,1
scroll_down,78.00640999302557,25.495097567963924,0,0,0,1
scroll_down,71.449282711585,24.596747752497688,0,0,0,1
scroll_down,75.1065909225016,19.6468827043885,0,0,0,1
scroll_down,69.06518659932803,14.142135623730951,0,0,0,1
scroll_down,81.49233092751734,17.0,0,0,0,1
scroll_down,84.64632301523794,19.4164878389476,0,0,0,1
scroll_down,93.60555539069249,20.248456731316587,0,0,0,1
scroll_down,97.73944955850733,21.470910553583888,0,0,0,1
scroll_down,93.40770846134703,22.825424421026653,0,0,0,1
scroll_down,68.0294054067798,26.832815729997478,0,0,0,1
scroll_down,64.25729530566937,20.591260281974,0,0,0,1
scroll_down,72.24956747275377,24.698178070456937,0,0,0,1
scroll_down,86.97700845625813,21.470910553583888,0,0,0,1
scroll_down,79.51100552753688,19.313207915827967,0,0,0,1
scroll_down,77.05841939723393,22.135943621178654,0,0,0,1
scroll_down,114.1402645870422,26.40075756488817,0,0,0,1
scroll_down,119.85407794480753,32.69556544854363,0,0,0,1
scroll_down,133.55523202031435,31.016124838541646,0,0,0,1
scroll_down,143.39107364128355,34.88552708502482,0,0,0,1
scroll_down,159.05030650709227,40.311288741492746,0,0,0,1
scroll_down,168.6801707374047,40.8166632639171,0,0,0,1
scroll_down,181.2015452472743,43.829214001622255,0,0,0,1
scroll_down,181.0414317221337,42.485291572496,0,0,0,1
scroll_down,185.31055015837603,42.5440947723653,0,0,0,1
scroll_down,186.33571852975479,41.593268686170845,0,0,0,1
scroll_down,182.36227680087788,43.829214001622255,0,0,0,1
scroll_down,190.1578291840754,45.18849411078001,0,0,0,1
scroll_down,189.61276328348785,45.880278987817846,0,0,0,1
scroll_down,195.92345444075858,70.45565981523414,0,0,0,1
scroll_down,179.2344832893492,46.61544808322666,0,0,0,1
scroll_down,170.7629936490925,42.5440947723653,0,0,0,1
scroll_down,124.45882853377658,32.64965543462902,0,0,0,1
scroll_down,57.0087712549569,13.601470508735444,0,0,0,1
scroll_down,61.465437442517235,15.811388300841896,0,0,0,1
scroll_down,61.465437442517235,16.15549442140351,0,0,0,1
scroll_down,65.79513659838392,17.08800749063506,0,0,0,1
scroll_down,71.17583859709698,20.12461179749811,0,0,0,1
scroll_down,87.23531395025755,23.853720883753127,0,0,0,1
scroll_down,87.66413177577246,21.540659228538015,0,0,0,1
scroll_down,84.90583018850944,23.021728866442675,0,0,0,1
scroll_down,80.77747210701756,23.259406699226016,0,0,0,1
scroll_down,92.64987857520376,23.600847442411894,0,0,0,1
scroll_down,92.20086767487604,24.186773244895647,0,0,0,1
scroll_down,88.61715409558128,23.259406699226016,0,0,0,1
scroll_down,87.6184911990614,21.93171219946131,0,0,0,1
scroll_down,78.87331614684399,20.591260281974,0,0,0,1
scroll_down,68.81860213634101,17.4928556845359,0,0,0,1
scroll_down,54.644304369257,18.439088914585774,0,0,0,1
scroll_down,59.77457653551382,15.652475842498529,0,0,0,1
scroll_down,55.731499172371095,17.46424919657298,0,0,0,1
scroll_down,63.89053137985315,17.0,0,0,0,1
scroll_down,64.25729530566937,17.46424919657298,0,0,0,1
scroll_down,72.94518489934754,18.601075237738275,0,0,0,1
scroll_down,71.02112361825881,19.235384061671343,0,0,0,1
scroll_down,70.60453243241541,18.384776310850235,0,0,0,1
scroll_down,66.21933252457322,17.88854381999832,0,0,0,1
scroll_down,58.309518948453004,18.601075237738275,0,0,0,1
scroll_down,65.36818798161687,18.027756377319946,0,0,0,1
scroll_down,58.872744118140105,14.317821063276353,0,0,0,1
scroll_down,60.53924347066124,15.811388300841896,0,0,0,1
scroll_down,49.64876634922564,13.892443989449804,0,0,0,1
scroll_down,48.093658625644196,17.204650534085253,0,0,0,1
scroll_down,58.215118311311535,17.46424919657298,0,0,0,1
scroll_down,60.67124524847005,17.46424919657298,0,0,0,1
scroll_down,67.1863081289633,17.0,0,0,0,1
scroll_down,68.62215385719105,17.4928556845359,0,0,0,1
scroll_down,73.7360156233031,17.4928556845359,0,0,0,1
scroll_down,74.33034373659252,17.46424919657298,0,0,0,1
scroll_down,74.68600939935136,17.029386365926403,0,0,0,1
scroll_down,67.97793759742936,15.556349186104045,0,0,0,1
scroll_down,66.18912297349165,15.0,0,0,0,1
scroll_down,56.462376853972415,16.64331697709324,0,0,0,1
scroll_down,58.309518948453004,15.811388300841896,0,0,0,1
scroll_down,54.70831746635972,16.401219466856727,0,0,0,1
scroll_down,52.81098370604357,14.317821063276353,0,0,0,1
scroll_down,48.373546489791295,14.317821063276353,0,0,0,1
scroll_down,52.952809179494906,13.416407864998739,0,0,0,1
scroll_down,55.10898293381942,13.92838827718412,0,0,0,1
scroll_down,56.293871780150276,13.892443989449804,0,0,0,1
scroll_down,55.31726674375732,15.811388300841896,0,0,0,1
scroll_down,60.53924347066124,15.0,0,0,0,1
scroll_down,59.464274989274024,15.264337522473747,0,0,0,1
scroll_down,59.61543424315552,14.142135623730951,0,0,0,1
scroll_down,64.40496875241847,14.866068747318506,0,0,0,1
scroll_down,55.54277630799526,13.038404810405298,0,0,0,1
scroll_down,53.600373133029585,13.038404810405298,0,0,0,1
scroll_down,47.80167361086848,11.661903789690601,0,0,0,1
scroll_down,49.76946855251722,12.041594578792296,0,0,0,1
scroll_down,50.08991914547278,11.40175425099138,0,0,0,1
scroll_down,48.30113870293329,12.041594578792296,0,0,0,1
scroll_down,46.52956049652737,10.63014581273465,0,0,0,1
scroll_down,45.65084884205331,10.63014581273465,0,0,0,1
scroll_down,42.485291572496,10.0,0,0,0,1
scroll_down,42.5440947723653,7.0710678118654755,0,0,0,1
scroll_down,87.20665112249179,22.135943621178654,0,0,0,1
scroll_down,84.53401682163222,17.72004514666935,0,0,0,1
scroll_down,76.02631123499285,17.26267650163207,0,0,0,1
scroll_down,63.60031446463138,16.1245154965971,0,0,0,1
scroll_down,65.30696746902278,16.76305461424021,0,0,0,1
scroll_down,61.61168720299745,12.36931687685298,0,0,0,1
scroll_down,57.97413216254298,12.041594578792296,0,0,0,1
scroll_down,59.80802621722272,12.165525060596439,0,0,0,1
scroll_down,57.271284253105414,11.40175425099138,0,0,0,1
scroll_down,51.478150704935004,10.770329614269007,0,0,0,1
scroll_down,52.773099207835045,8.246211251235321,0,0,0,1
scroll_down,61.29437168288782,17.46424919657298,0,0,0,1
scroll_down,62.39390995922599,19.235384061671343,0,0,0,1
scroll_down,64.93843238021688,15.264337522473747,0,0,0,1
scroll_down,62.12889826803627,10.0,0,0,0,1
scroll_down,48.373546489791295,12.649110640673518,0,0,0,1
scroll_down,49.01020301937138,11.180339887498949,0,0,0,1
scroll_down,49.040799340956916,11.704699910719626,0,0,0,1
scroll_down,59.30430001273095,21.93171219946131,0,0,0,1
scroll_down,60.530983801686226,21.93171219946131,0,0,0,1
scroll_down,81.25269226308751,17.46424919657298,0,0,0,1
scroll_down,64.77653896280658,22.360679774997898,0,0,0,1
scroll_down,57.07889277132134,20.12461179749811,0,0,0,1
scroll_down,58.42088667591412,19.313207915827967,0,0,0,1
scroll_down,64.13267497929586,19.235384061671343,0,0,0,1
scroll_down,63.56886030125127,19.697715603592208,0,0,0,1
scroll_down,70.3846574190711,20.591260281974,0,0,0,1
scroll_down,78.43468620451031,25.612496949731394,0,0,0,1
scroll_down,95.34149149242423,26.832815729997478,0,0,0,1
scroll_down,100.18482919085105,29.154759474226502,0,0,0,1
scroll_down,92.61209424259879,28.600699292150182,0,0,0,1
scroll_down,91.18113840043894,30.4138126514911,0,0,0,1
scroll_down,103.61949623502326,30.0,0,0,0,1
scroll_down,99.92997548283498,29.154759474226502,0,0,0,1
scroll_down,94.92101980067429,29.410882339705484,0,0,0,1
scroll_down,92.34717104492157,30.528675044947494,0,0,0,1
scroll_down,89.0,27.294688127912362,0,0,0,1
scroll_down,81.2219182240853,26.92582403567252,0,0,0,1
scroll_down,89.0,28.792360097775937,0,0,0,1
scroll_down,101.31633629380802,35.35533905932738,0,0,0,1
scroll_down,107.67079455451233,38.01315561749642,0,0,0,1
scroll_down,120.07081243999309,47.38143096192854,0,0,0,1
scroll_down,125.92855117089213,46.400431032480725,0,0,0,1
scroll_down,132.9661611087573,42.44997055358225,0,0,0,1
scroll_down,143.92359083902818,40.80441152620633,0,0,0,1
scroll_down,150.7647173578752,39.44616584663204,0,0,0,1
scroll_down,152.50245899656832,42.941821107167776,0,0,0,1
scroll_down,170.67220043111882,47.885279575251516,0,0,0,1
scroll_down,182.62803727796015,48.60041152089147,0,0,0,1
scroll_down,152.2005256232711,53.225933528685054,0,0,0,1
scroll_down,142.86357128393507,46.32493928760188,0,0,0,1
scroll_down,117.5457357797381,41.182520563948,0,0,0,1
scroll_down,105.07616285342742,35.4682957019364,0,0,0,1
scroll_down,91.08786966440702,34.48187929913333,0,0,0,1
scroll_down,97.04638066409278,27.459060435491963,0,0,0,1
scroll_down,98.04590761474952,30.870698080866262,0,0,0,1
scroll_down,106.53168542738823,32.2490309931942,0,0,0,1
scroll_down,105.51303237041384,26.92582403567252,0,0,0,1
scroll_down,74.43117626371358,20.09975124224178,0,0,0,1
scroll_down,78.16009211867653,24.186773244895647,0,0,0,1
scroll_down,88.3911760301898,25.079872407968907,0,0,0,1
scroll_down,93.02150289046077,29.966648127543394,0,0,0,1
scroll_down,104.21612159354233,30.886890422961002,0,0,0,1
scroll_down,65.7875368135941,14.560219778561036,0,0,0,1
scroll_down,65.45991139621256,14.560219778561036,0,0,0,1
scroll_down,61.61168720299745,13.92838827718412,0,0,0,1
scroll_down,56.089214649520635,15.297058540778355,0,0,0,1
scroll_down,51.088159097779204,15.297058540778355,0,0,0,1
scroll_down,49.25444142409901,13.152946437965905,0,0,0,1
scroll_down,47.12748667179272,14.142135623730951,0,0,0,1
scroll_down,47.16990566028302,13.038404810405298,0,0,0,1
scroll_down,47.43416490252569,14.142135623730951,0,0,0,1
scroll_down,48.662100242385755,16.492422502470642,0,0,0,1
scroll_down,51.478150704935004,16.15549442140351,0,0,0,1
scroll_down,59.21148537234985,16.55294535724685,0,0,0,1
scroll_down,61.18823416311342,16.76305461424021,0,0,0,1
scroll_down,65.0,18.788294228055936,0,0,0,1
scroll_down,63.60031446463138,17.08800749063506,0,0,0,1
scroll_down,61.465437442517235,17.46424919657298,0,0,0,1
scroll_down,78.79086241436883,20.248456731316587,0,0,0,1
scroll_down,49.39635614091387,25.495097567963924,0,0,0,1
scroll_down,62.76941930590086,23.600847442411894,0,0,0,1
scroll_down,57.9396237474839,22.47220505424423,0,0,0,1
scroll_down,56.462376853972415,22.825424421026653,0,0,0,1
scroll_down,48.08326112068523,21.400934559032695,0,0,0,1
scroll_down,41.23105625617661,21.400934559032695,0,0,0,1
scroll_down,43.93176527297759,21.633307652783937,0,0,0,1
scroll_down,48.507731342539614,21.095023109728988,0,0,0,1
scroll_down,48.093658625644196,19.72308292331602,0,0,0,1
scroll_down,46.010868281309364,19.72308292331602,0,0,0,1
scroll_down,59.90826320300064,22.20360331117452,0,0,0,1
scroll_down,59.90826320300064,18.601075237738275,0,0,0,1
scroll_down,58.463663928973865,18.867962264113206,0,0,0,1
scroll_down,58.309518948453004,19.235384061671343,0,0,0,1
scroll_down,58.137767414994535,17.0,0,0,0,1
scroll_down,52.009614495783374,17.0,0,0,0,1
scroll_down,52.03844732503075,14.866068747318506,0,0,0,1
scroll_down,52.009614495783374,14.317821063276353,0,0,0,1
scroll_down,49.16299421312742,14.866068747318506,0,0,0,1
scroll_down,45.5411901469428,15.811388300841896,0,0,0,1
click,12.36931687685298,69.31089380465383,1,0,1,0
click,14.422205101855956,76.36753236814714,1,0,1,0
click,18.110770276274835,66.24198064671678,1,0,1,0
click,20.09975124224178,76.60939890117922,1,0,1,0
click,29.427877939124322,80.7093550959243,1,0,1,0
click,15.556349186104045,75.8946638440411,1,0,1,0
click,14.317821063276353,43.104524124504614,1,0,1,0
click,15.231546211727817,57.14017850864661,1,0,1,0
click,26.870057685088806,88.20430828479978,1,0,1,0
click,28.160255680657446,84.29116205154607,1,0,1,0
click,22.360679774997898,78.00640999302557,1,0,1,0
click,20.12461179749811,74.88658090739622,1,0,1,0
click,16.76305461424021,87.45856161634491,1,0,1,0
click,19.0,72.94518489934754,1,0,1,0
click,17.029386365926403,74.30343195303969,1,0,1,0
click,13.038404810405298,72.069410986909,1,0,1,0
click,11.180339887498949,69.35416353759881,1,0,1,0
click,16.76305461424021,77.41446893184762,1,0,1,0
click,14.866068747318506,72.94518489934754,1,0,1,0
click,13.152946437965905,70.77428911688199,1,0,1,0
click,13.892443989449804,71.17583859709698,1,0,1,0
click,13.416407864998739,70.26378868236469,1,0,1,0
click,15.264337522473747,69.26037828369117,1,0,1,0
click,12.206555615733702,68.41052550594829,1,0,1,0
click,11.40175425099138,72.53275122315436,1,0,1,0
click,9.219544457292887,55.97320787662612,1,0,1,0
click,10.295630140987,58.18934610390462,1,0,1,0
click,10.295630140987,55.65968020030299,1,0,1,0
click,13.038404810405298,56.64803615307419,1,0,1,0
click,14.866068747318506,55.46169849544819,1,0,1,0
click,13.0,50.47771785649585,1,0,1,0
click,12.165525060596439,51.85556864985669,1,0,1,0
click,12.36931687685298,50.80354318352215,1,0,1,0
click,13.152946437965905,44.94441010848846,1,0,1,0
click,11.045361017187261,43.04648650006177,1,0,1,0
click,12.649110640673518,46.09772228646444,1,0,1,0
click,10.770329614269007,47.885279575251516,1,0,1,0
click,11.180339887498949,50.99019513592785,1,0,1,0
click,13.601470508735444,50.32891812864648,1,0,1,0
click,12.529964086141668,48.46648326421054,1,0,1,0
click,10.816653826391969,52.20153254455275,1,0,1,0
click,13.038404810405298,49.658836071740545,1,0,1,0
click,12.36931687685298,47.43416490252569,1,0,1,0
click,12.36931687685298,49.4064773081425,1,0,1,0
click,8.48528137423857,39.408120990476064,1,0,1,0
click,12.806248474865697,31.906112267087632,1,0,1,0
click,11.704699910719626,42.20189569201838,1,0,1,0
click,13.341664064126334,40.607881008493905,1,0,1,0
click,13.038404810405298,51.884487084291386,1,0,1,0
click,14.317821063276353,50.99019513592785,1,0,1,0
click,13.0,52.0,1,0,1,0
click,12.206555615733702,56.61271941887264,1,0,1,0
click,10.816653826391969,54.120236510939236,1,0,1,0
click,10.63014581273465,52.392747589718944,1,0,1,0
click,13.416407864998739,59.841457201508724,1,0,1,0
click,6.082762530298219,40.26164427839479,1,0,1,0
click,14.317821063276353,54.120236510939236,1,0,1,0
click,14.866068747318506,54.589376255824725,1,0,1,0
click,14.317821063276353,58.66856057549052,1,0,1,0
click,15.0,57.706152185014034,1,0,1,0
click,15.620499351813308,57.30619512757761,1,0,1,0
click,12.041594578792296,55.226805085936306,1,0,1,0
click,10.198039027185569,55.00909015790027,1,0,1,0
click,26.30589287593181,12.36931687685298,1,0,1,0
click,18.973665961010276,21.213203435596427,1,0,1,0
click,24.351591323771842,35.014282800023196,1,0,1,0
click,23.53720459187964,46.52956049652737,1,0,1,0
click,22.090722034374522,40.11234224026316,1,0,1,0
click,22.135943621178654,47.07440918375928,1,0,1,0
click,16.492422502470642,52.630789467763066,1,0,1,0
click,10.44030650891055,45.5411901469428,1,0,1,0
click,9.486832980505138,44.0,1,0,1,0
click,7.0710678118654755,38.05259518088089,1,0,1,0
click,16.1245154965971,45.70557952810576,1,0,1,0
click,18.439088914585774,50.99019513592785,1,0,1,0
click,14.866068747318506,53.14132102234569,1,0,1,0
click,19.1049731745428,64.28841264178172,1,0,1,0
click,36.235341863986875,75.15317691222374,1,0,1,0
click,35.90264614203248,88.95504482602435,1,0,1,0
click,21.095023109728988,72.02777242147643,1,0,1,0
click,16.0312195418814,62.12889826803627,1,0,1,0
click,13.038404810405298,53.36665625650534,1,0,1,0
click,16.401219466856727,42.04759208325728,1,0,1,0
click,10.44030650891055,43.266615305567875,1,0,1,0
click,14.560219778561036,47.16990566028302,1,0,1,0
click,14.422205101855956,14.142135623730951,1,0,1,0
click,26.30589287593181,62.51399843235114,1,0,1,0
click,23.769728648009426,3.605551275463989,1,0,1,0
click,24.839484696748443,52.88667128870941,1,0,1,0
click,26.1725046566048,46.486557196677836,1,0,1,0
click,22.47220505424423,64.40496875241847,1,0,1,0
click,17.88854381999832,49.64876634922564,1,0,1,0
click,12.806248474865697,32.55764119219941,1,0,1,0
click,17.0,54.3323108288245,1,0,1,0
click,8.246211251235321,29.832867780352597,1,0,1,0
click,17.11724276862369,60.108235708594876,1,0,1,0
click,8.06225774829855,58.412327466040935,1,0,1,0
click,24.596747752497688,14.422205101855956,1,0,1,0
click,20.615528128088304,28.319604517012593,1,0,1,0
click,30.14962686336267,35.608987629529715,1,0,1,0
click,39.05124837953327,36.013886210738214,1,0,1,0
click,76.89603370785778,85.70297544426332,1,0,1,0
click,28.160255680657446,6.324555320336759,1,0,1,0
click,21.633307652783937,89.64373932405988,1,0,1,0
click,50.44799302251776,99.40321926376429,1,0,1,0
click,19.4164878389476,92.20086767487604,1,0,1,0
click,19.4164878389476,89.49860334105779,1,0,1,0
click,18.973665961010276,92.63368717696602,1,0,1,0
click,18.0,90.68627239003708,1,0,1,0
click,17.0,86.40023148117139,1,0,1,0
click,14.422205101855956,86.6083136886985,1,0,1,0
click,16.55294535724685,86.45229898620394,1,0,1,0
click,8.246211251235321,82.85529554590944,1,0,1,0
click,10.04987562112089,78.29431652425353,1,0,1,0
click,12.0,76.92203845452875,1,0,1,0
click,9.848857801796104,77.10382610480494,1,0,1,0
click,15.297058540778355,89.02246907382428,1,0,1,0
click,18.788294228055936,80.91971329657564,1,0,1,0
click,15.524174696260024,75.66372975210778,1,0,1,0
click,17.46424919657298,73.66138744281159,1,0,1,0
click,15.811388300841896,67.17886572427373,1,0,1,0
click,16.1245154965971,63.655321851358195,1,0,1,0
click,15.297058540778355,70.00714249274856,1,0,1,0
click,15.231546211727817,76.83749084919418,1,0,1,0
click,13.601470508735444,78.81624198095213,1,0,1,0
click,13.038404810405298,78.23042886243178,1,0,1,0
click,11.40175425099138,77.93587107359485,1,0,1,0
click,10.04987562112089,73.23933369440222,1,0,1,0
click,10.0,70.60453243241541,1,0,1,0
click,9.055385138137417,68.6804193347711,1,0,1,0
click,12.041594578792296,70.76722405181653,1,0,1,0
click,11.0,67.20863039818622,1,0,1,0
click,12.165525060596439,69.29646455628166,1,0,1,0
click,11.0,65.05382386916237,1,0,1,0
click,13.038404810405298,53.03772242470448,1,0,1,0
click,9.433981132056603,56.08029957123981,1,0,1,0
click,10.44030650891055,65.29931086925804,1,0,1,0
click,10.295630140987,68.24954212300622,1,0,1,0
click,13.038404810405298,67.20863039818622,1,0,1,0
click,13.038404810405298,66.84309986827361,1,0,1,0
click,11.045361017187261,65.19202405202648,1,0,1,0
click,12.165525060596439,63.7808748764079,1,0,1,0
click,10.0,63.89053137985315,1,0,1,0
click,13.416407864998739,65.19202405202648,1,0,1,0
click,13.601470508735444,64.63745044476924,1,0,1,0
click,17.08800749063506,65.43699259593154,1,0,1,0
click,12.649110640673518,65.85590330410783,1,0,1,0
click,19.4164878389476,55.31726674375732,1,0,1,0
click,11.045361017187261,60.8276253029822,1,0,1,0
click,10.770329614269007,61.5223536610881,1,0,1,0
click,13.152946437965905,55.44366510251645,1,0,1,0
click,12.083045973594572,58.25804665451803,1,0,1,0
click,12.529964086141668,55.80322571321482,1,0,1,0
click,12.529964086141668,57.48912940721924,1,0,1,0
click,10.44030650891055,58.0,1,0,1,0
click,11.661903789690601,56.08029957123981,1,0,1,0
click,9.848857801796104,53.81449618829484,1,0,1,0
click,10.0,42.5205832509386,1,0,1,0
click,9.055385138137417,43.41658669218482,1,0,1,0
click,10.04987562112089,43.829214001622255,1,0,1,0
click,10.816653826391969,39.66106403010388,1,0,1,0
click,13.0,36.6742416417845,1,0,1,0
click,8.54400374531753,36.40054944640259,1,0,1,0
click,14.866068747318506,38.62641583165593,1,0,1,0
click,13.341664064126334,45.70557952810576,1,0,1,0
click,10.198039027185569,45.60701700396552,1,0,1,0
click,11.180339887498949,43.965895873961216,1,0,1,0
click,12.083045973594572,52.81098370604357,1,0,1,0
click,12.529964086141668,58.180752831155424,1,0,1,0
click,12.083045973594572,65.7419196555744,1,0,1,0
click,13.601470508735444,64.41273166075166,1,0,1,0
click,14.317821063276353,64.40496875241847,1,0,1,0
click,11.704699910719626,63.97655820689325,1,0,1,0
click,16.1245154965971,62.16912416947821,1,0,1,0
click,16.401219466856727,62.16912416947821,1,0,1,0
click,21.400934559032695,65.79513659838392,1,0,1,0
click,15.811388300841896,63.071388124885914,1,0,1,0
click,11.40175425099138,68.60029154456998,1,0,1,0
click,11.704699910719626,76.00657866263946,1,0,1,0
click,11.0,73.78346698278686,1,0,1,0
click,13.601470508735444,62.625873247404705,1,0,1,0
click,14.035668847618199,60.14149981501958,1,0,1,0
click,13.152946437965905,50.32891812864648,1,0,1,0
click,10.04987562112089,48.08326112068523,1,0,1,0
click,15.297058540778355,66.48308055437865,1,0,1,0
click,18.0,82.21921916437786,1,0,1,0
click,23.345235059857504,93.72299611087985,1,0,1,0
click,22.02271554554524,103.71113729971339,1,0,1,0
click,23.021728866442675,111.66467659918243,1,0,1,0
click,18.027756377319946,107.00467279516349,1,0,1,0
click,17.0,108.81176406988355,1,0,1,0
click,14.035668847618199,109.77249200050075,1,0,1,0
click,21.213203435596427,110.46266337545913,1,0,1,0
click,18.110770276274835,110.98198051936178,1,0,1,0
click,19.6468827043885,104.70912090166739,1,0,1,0
click,21.540659228538015,104.5609869884557,1,0,1,0
click,26.68332812825267,90.82400563727631,1,0,1,0
click,30.14962686336267,92.70382947861431,1,0,1,0
click,22.825424421026653,106.3296760081587,1,0,1,0
click,26.92582403567252,111.51681487560519,1,0,1,0
click,25.495097567963924,119.26860441876563,1,0,1,0
click,26.832815729997478,128.4562182223967,1,0,1,0
click,24.73863375370596,129.80754985747168,1,0,1,0
click,23.08679276123039,133.86933928274988,1,0,1,0
click,27.892651361962706,138.19189556555045,1,0,1,0
click,18.601075237738275,131.04579352272242,1,0,1,0
click,17.804493814764857,130.17680284904833,1,0,1,0
click,20.518284528683193,121.62236636408618,1,0,1,0
click,17.0,121.62236636408618,1,0,1,0
click,26.40075756488817,109.78615577567146,1,0,1,0
click,20.0,117.34564329364768,1,0,1,0
click,21.02379604162864,132.31024147812596,1,0,1,0
click,25.079872407968907,133.80956617521784,1,0,1,0
click,22.02271554554524,134.01492454200763,1,0,1,0
click,24.186773244895647,141.4496376806954,1,0,1,0
click,20.615528128088304,136.517398158623,1,0,1,0
click,35.77708763999664,134.80726983364065,1,0,1,0
click,23.021728866442675,135.83077707206124,1,0,1,0
click,14.560219778561036,102.53292154230269,1,0,1,0
click,11.40175425099138,89.09545442950498,1,0,1,0
click,12.36931687685298,82.75868534480233,1,0,1,0
click,11.180339887498949,67.26812023536856,1,0,1,0
move,83.57032966310472,80.4114419718985,1,0,0,1
move,80.65358020571685,88.29496021857646,1,0,1,0
move,108.16653826391968,137.80058055030102,1,0,1,0
move,83.3606621854697,113.13708498984761,1,0,1,0
move,70.21395872616783,91.78235124467012,1,0,1,0
move,68.42514157822401,92.9623579735368,1,0,1,0
move,73.66138744281159,95.81753492967766,1,0,1,0
move,56.639209034025185,68.9492567037528,1,0,1,0
move,53.150729063673246,65.14598989960932,1,0,1,0
move,56.61271941887264,69.42621983083913,1,0,1,0
move,59.36328831862332,71.80529228406496,1,0,1,0
move,52.630789467763066,64.8459713474939,1,0,1,0
move,55.97320787662612,69.8927750200262,1,0,1,0
move,52.49761899362675,63.56099432828282,1,0,1,0
move,51.40038910358559,60.63827174318213,1,0,1,0
move,52.43090691567332,62.16912416947821,1,0,1,0
move,49.4064773081425,56.71860364994893,1,0,1,0
move,51.31276644267,64.77653896280658,1,0,1,0
move,55.80322571321482,67.89698078707183,1,0,1,0
move,55.21775076911409,66.75327707311455,1,0,1,0
move,54.70831746635972,66.48308055437865,1,0,1,0
move,55.072679252057455,66.03029607687671,1,0,1,0
move,53.23532661682466,54.037024344425184,1,0,1,0
move,60.207972893961475,66.03029607687671,1,0,1,0
move,58.855755878248644,64.07027391856539,1,0,1,0
move,56.71860364994893,61.00819617067857,1,0,1,0
move,78.02563681252464,72.3394774656273,1,0,0,1
move,76.10519036176179,69.46221994724903,1,0,0,1
move,69.06518659932803,61.40032573203501,1,0,0,1
move,80.02499609497022,70.45565981523414,1,0,0,1
move,80.62257748298549,75.13321502504735,1,0,0,1
move,78.5175139698144,71.19691004531025,1,0,0,1
move,81.39410298049853,76.11832893594026,1,0,0,1
move,83.3606621854697,77.62087348130012,1,0,0,1
move,79.83107164506812,75.0,1,0,0,1
move,76.48529270389177,73.24616030891995,1,0,0,1
move,78.39005038906404,75.58438992278762,1,0,0,1
move,80.75270893288967,71.56814934033156,1,0,0,1
move,83.19855767980596,72.44998274671983,1,0,0,1
move,82.00609733428362,70.77428911688199,1,0,0,1
move,81.02468759581859,70.32780389006896,1,0,0,1
move,76.96752561957543,74.33034373659252,1,0,0,1
move,87.66413177577246,82.00609733428362,1,0,0,0
move,70.8801805866774,84.48076704197234,1,0,1,0
move,60.207972893961475,72.12489168102785,1,0,1,0
move,79.55501241279521,83.21658488546619,1,0,1,0
move,71.02112361825881,81.02468759581859,1,0,1,0
move,69.63476143421474,75.1065909225016,1,0,1,0
move,57.14017850864661,73.17103251970687,1,0,1,0
move,57.07889277132134,69.02897942168927,1,0,1,0
move,69.35416353759881,74.33034373659252,1,0,1,0
move,69.87131027825369,74.24284477308234,1,0,1,0
move,60.29925372672534,75.23961722390672,1,0,1,0
move,66.2872536767062,71.25307010929424,1,0,1,0
move,72.3671196055225,76.23647421018367,1,0,1,0
move,72.27724399837061,76.32168761236873,1,0,1,0
move,69.63476143421474,75.32595834106593,1,0,1,0
move,67.7421582177598,73.06161783043132,1,0,1,0
move,67.7421582177598,74.06078584514209,1,0,1,0
move,64.77653896280658,71.25307010929424,1,0,1,0
move,64.00781202322104,73.10950690573696,1,0,1,0
move,61.29437168288782,72.06247289678588,1,0,1,0
move,72.00694410957877,73.10950690573696,1,0,1,0
move,68.00735254367721,70.11419257183242,1,0,1,0
move,70.71067811865476,79.07591289387686,1,0,1,0
move,8.54400374531753,63.245553203367585,1,0,1,0
move,79.30952023559341,86.28441342444185,1,0,1,0
move,77.23341245859851,79.51100552753688,1,0,0,1
move,68.3593446428504,75.8023746329889,1,0,0,1
move,79.1012010022604,78.63841300535,1,0,0,1
move,73.02739212103907,69.12307863514182,1,0,0,0
move,79.63039620647382,75.43208866258443,1,0,0,0
move,82.05485969764375,85.70880934886448,1,0,1,0
move,73.17103251970687,72.56031973468694,1,0,0,1
move,81.61494961096282,83.21658488546619,1,0,1,0
move,65.30696746902278,62.289646009589745,1,0,0,1
move,78.08969202141856,71.25307010929424,1,0,0,1
move,80.4114419718985,78.10249675906654,1,0,1,0
move,77.62087348130012,74.00675644831355,1,0,1,0
move,91.13725912051558,75.66372975210778,1,0,0,1
move,90.80198235721508,93.05912099305473,1,0,1,0
move,96.56603957913983,99.04039579888602,1,0,1,0
move,88.05679985100527,96.317184344228,1,0,1,0
move,80.0,87.46427842267951,1,0,1,0
move,74.16872656315464,83.2946576918352,1,0,1,0
move,77.05841939723393,72.3394774656273,1,0,0,1
move,69.1158447825099,71.11258679024411,1,0,0,1
move,68.18357573492314,68.65857557508748,1,0,1,0
move,74.94664769020693,72.44998274671983,1,0,0,1
move,70.83784299369935,72.80109889280519,1,0,0,1
move,95.2732911156112,95.88013350011565,1,0,1,0
move,95.81753492967766,99.45853407325085,1,0,1,0
move,92.39588735436226,99.46356116689167,1,0,1,0
move,87.31551981177229,89.98888820293314,1,0,1,0
move,90.55385138137417,90.44335243676011,1,0,1,0
move,89.87213138676528,90.62008607367353,1,0,1,0
move,93.23089616645332,91.0,1,0,1,0
move,88.50988645343524,87.31551981177229,1,0,1,0
move,81.21576201698781,76.96752561957543,1,0,1,0
move,85.44588931013593,82.0792300158816,1,0,1,0
move,82.00609733428362,77.47257579298626,1,0,1,0
move,81.21576201698781,79.1580697086532,1,0,1,0
move,77.98717843338096,76.96752561957543,1,0,1,0
move,77.15568676384133,79.1580697086532,1,0,1,0
move,76.57675887630658,78.71467461661771,1,0,1,0
move,75.16648189186454,80.52949770115296,1,0,1,0
move,72.24956747275377,75.64390259630977,1,0,1,0
move,69.31089380465383,74.73285756613352,1,0,1,0
move,70.43436661176133,76.05918747922567,1,0,1,0
move,74.06078584514209,74.32361670424818,1,0,1,0
move,76.27581530209953,80.65358020571685,1,0,1,0
move,79.17701686727027,83.93449827097318,1,0,1,0
move,83.00602387778854,89.02246907382428,1,0,1,0
move,82.21921916437786,90.70832376358854,1,0,1,0
move,78.84795495128583,90.24411338142782,1,0,1,0
move,74.73285756613352,84.72307831990054,1,0,1,0
move,72.99315036357864,84.52810183601665,1,0,1,0
move,69.87131027825369,81.39410298049853,1,0,1,0
move,71.7007670809734,80.23091673413684,1,0,1,0
move,71.00704190430693,76.79192665899195,1,0,1,0
move,83.02409288875127,85.47514258543241,1,0,1,0
move,98.04590761474952,98.99494936611666,1,0,1,0
move,105.80170130957252,108.04628637764465,1,0,1,0
move,115.43396380615195,108.50345616615168,1,0,1,0
move,114.58621208504974,112.29425630903836,1,0,1,0
move,102.69371937952194,102.1077861869505,1,0,1,0
move,89.19641248391103,85.32877591996736,1,0,1,0
move,84.50443775329198,82.97590011563598,1,0,1,0
move,83.773504164503,81.49233092751734,1,0,1,0
move,81.43709228600933,79.81227975693966,1,0,1,0
move,79.62411694957753,77.3692445355388,1,0,1,0
move,79.64923100695951,76.53757247260981,1,0,1,0
move,79.88116173416608,73.16419889536138,1,0,1,0
move,89.47066558375433,83.24061508662703,1,0,1,0
move,87.23531395025755,82.76472678623425,1,0,1,0
move,94.33981132056604,88.45903006477066,1,0,1,0
move,93.40770846134703,84.1486779456457,1,0,1,0
move,96.1041102138717,85.00588214941364,1,0,1,0
move,93.2148056909416,87.09190547921202,1,0,1,0
move,89.94442728707543,83.02409288875127,1,0,1,0
move,91.6624241442479,82.09750300709517,1,0,0,0
move,93.1933474020544,80.09993757800315,1,0,0,1
move,91.92388155425118,84.09518416651456,1,0,0,1
move,90.09439494219383,83.05419917138447,1,0,0,0
move,86.88498144098322,81.00617260431454,1,0,1,0
move,84.17244204607586,73.00684899377592,1,0,1,0
move,70.11419257183242,79.1580697086532,1,0,0,0
move,88.23264701911646,75.02666192761077,1,0,1,0
move,98.35141076771599,84.8528137423857,1,0,1,0
move,98.03060746521976,81.2219182240853,1,0,0,1
move,103.36827366266692,93.14504817756014,1,0,1,0
move,100.84641788382967,94.86832980505137,1,0,1,0
move,101.24228365658294,93.40770846134703,1,0,1,0
move,97.63708311906906,95.46203433826454,1,0,1,0
move,93.00537618869137,89.0,1,0,1,0
move,90.4267659490264,88.11923740024082,1,0,1,0
move,85.7962703152066,85.0,1,0,1,0
move,81.46778504415104,85.0,1,0,1,0
move,79.20858539325141,80.49844718999243,1,0,1,0
move,78.49203781276162,83.72574275573791,1,0,1,0
move,76.38062581571324,79.40403012442127,1,0,1,0
move,72.18032973047436,75.71657678474378,1,0,1,0
move,52.43090691567332,58.82176467941097,1,0,1,0
move,53.075418038862395,63.812224534175265,1,0,1,0
move,63.25345840347388,80.52949770115296,1,0,1,0
move,70.2922470831599,71.30918594402827,1,0,1,0
move,69.52697318307479,71.69379331573968,1,0,1,0
move,73.92563831310488,78.16009211867653,1,0,1,0
move,74.24284477308234,80.77747210701756,1,0,1,0
move,78.29431652425353,80.65358020571685,1,0,1,0
move,78.39005038906404,85.61541917201598,1,0,1,0
move,77.83315488916018,83.95236744726142,1,0,1,0
move,88.64536084872124,94.54099639838793,1,0,1,0
move,100.60318086422517,102.82509421342633,1,0,1,0
move,115.15641536623133,106.6770828247567,1,0,1,0
move,115.2128465059344,108.34205093129813,1,0,1,0
move,114.12712210513327,106.30145812734649,1,0,1,0
move,120.03749414245534,114.15778554264269,1,0,1,0
move,109.22453936730518,111.15754585272202,1,0,1,0
move,106.70520137275409,108.06016842481785,1,0,1,0
move,105.00476179678711,105.26157893552613,1,0,1,0
move,98.84331034521254,105.30432089900205,1,0,1,0
move,101.51847122568385,107.56393447619885,1,0,1,0
move,91.0659101969557,95.46203433826454,1,0,1,0
move,90.27181176868004,95.46203433826454,1,0,1,0
move,90.02777349240623,92.59049627256569,1,0,1,0
move,85.9127464349732,89.47066558375433,1,0,1,0
move,87.41853350405736,93.53608929178085,1,0,1,0
move,79.1580697086532,94.37160589923221,1,0,1,0
move,80.32434251209281,98.43271813782245,1,0,1,0
move,78.77182237323191,101.19288512538814,1,0,1,0
move,74.10802925459562,98.37174391053561,1,0,1,0
move,64.4980619863884,95.1892851112981,1,0,1,0
move,60.530983801686226,87.5956619930462,1,0,1,0
move,66.70832032063167,97.49871794028884,1,0,1,0
move,70.178344238091,83.2586331859946,1,0,1,0
move,77.62087348130012,86.4060183089118,1,0,1,0
move,77.46612162745726,84.52810183601665,1,0,1,0
move,77.89736837660179,83.19254774317228,1,0,1,0
move,86.6083136886985,90.24965373894794,1,0,1,0
move,91.4166286842826,97.12363255150623,1,0,1,0
move,100.31948963187563,100.43903623591775,1,0,1,0
move,99.80981915623332,96.74709297958259,1,0,1,0
move,105.6882207249228,106.09901036296239,1,0,1,0
move,115.91807451816995,116.92732785794773,1,0,1,0
move,118.94956914591998,118.35962149314267,1,0,1,0
move,109.00458705944443,109.4440496326776,1,0,1,0
move,103.58571330062848,104.92378186092989,1,0,1,0
move,102.59142264341595,100.44899203078147,1,0,1,0
move,101.86756107809786,108.46197490364999,1,0,1,0
move,103.0970416646375,106.6770828247567,1,0,1,0
move,104.30723848324239,111.46299834474219,1,0,1,0
move,108.00462953040486,118.82760622010359,1,0,1,0
move,107.29864864013899,114.58621208504974,1,0,1,0
move,105.80170130957252,109.89540481748998,1,0,1,0
move,98.48857801796105,104.5609869884557,1,0,1,0
move,90.09439494219383,95.56673061269805,1,0,1,0
move,73.7563556583431,92.44457799135652,1,0,1,0
move,65.30696746902278,89.8443097808648,1,0,1,0
move,80.4114419718985,90.4267659490264,1,0,1,0
move,74.04052944165107,86.68333173107735,1,0,1,0
move,79.12016177940993,89.26925562588724,1,0,1,0
move,67.54257916307313,77.12976079309465,1,0,1,0
move,83.38465086573187,92.89241088485109,1,0,1,0
move,112.72976536833562,128.39003076563228,1,0,1,0
move,120.60265337047937,135.72398461583714,1,0,1,0
move,114.58621208504974,133.88054376943649,1,0,1,0
move,106.23088063270491,125.63439019631528,1,0,1,0
move,105.38026380684383,121.3424904969401,1,0,1,0
move,103.12128781197411,111.07204868912791,1,0,1,0
move,94.92101980067429,115.2128465059344,1,0,1,0
move,92.26592003551474,123.79418403139947,1,0,1,0
move,89.35882720806042,122.98373876248843,1,0,1,0
move,100.90094152187085,122.12288892750614,1,0,1,0
move,100.66280345788111,121.0495766204905,1,0,1,0
move,98.6154146165801,108.04628637764465,1,0,1,0
move,106.01886624558857,103.31021246711285,1,0,0,1
move,94.2019108086455,116.1077086157504,1,0,1,0
move,93.55746896961247,121.75385004179539,1,0,1,0
move,84.8999411071645,119.85407794480753,1,0,1,0
move,75.58438992278762,116.1077086157504,1,0,1,0
move,70.83784299369935,112.36102527122117,1,0,1,0
move,66.30987860040162,107.91200118615167,1,0,1,0
move,57.245087125446844,101.76934705499491,1,0,1,0
move,62.81719509815764,105.47511554864494,1,0,1,0
move,58.077534382926416,103.73041983911952,1,0,1,0
move,58.309518948453004,97.41663102366043,1,0,1,0
move,57.42821606144492,87.64131445842195,1,0,1,0
move,67.05221845696084,102.96115772464877,1,0,1,0
move,58.249463516842795,93.17188417113823,1,0,1,0
move,69.3757882838098,100.62305898749054,1,0,1,0
move,72.53275122315436,104.5609869884557,1,0,1,0
move,86.68333173107735,109.65856099730654,1,0,1,0
move,105.90561835898981,118.69709347747316,1,0,1,0
move,106.21205204683694,120.50726119201282,1,0,1,0
move,110.0272693471941,116.90166808048549,1,0,1,0
move,119.06720791217035,119.68291440301745,1,0,1,0
move,104.47966309287182,116.40017182117903,1,0,1,0
move,92.07062506576133,114.93476410555685,1,0,1,0
move,83.18653737234169,106.88779163215975,1,0,1,0
move,75.13321502504735,102.18121158021175,1,0,1,0
move,95.50916186418976,110.8873302050329,1,0,1,0
move,82.34682750416071,99.20181449953424,1,0,1,0
move,76.96752561957543,98.08159868191383,1,0,1,0
move,78.84795495128583,101.51354589413178,1,0,1,0
move,84.8528137423857,106.60675400742676,1,0,1,0
move,86.28441342444185,107.56393447619885,1,0,1,0
move,85.14693182963201,104.5609869884557,1,0,1,0
move,81.88406438373708,95.34149149242423,1,0,1,0
move,80.049984384758,89.82204629154248,1,0,1,0
move,82.22530024268686,89.26925562588724,1,0,1,0
move,84.92938243034621,94.54099639838793,1,0,1,0
move,92.76313923105448,103.57605900979242,1,0,1,0
move,95.42536350467836,105.54619841567009,1,0,1,0
move,88.02272433866155,103.58571330062848,1,0,1,0
move,98.50888284819801,110.11357772772621,1,0,1,0
move,101.0,108.24047302187847,1,0,1,0
move,98.71676655968832,102.83968105745953,1,0,1,0
move,97.12363255150623,103.36827366266692,1,0,1,0
move,91.76055797563569,100.66280345788111,1,0,1,0
move,87.23531395025755,97.01546268507923,1,0,1,0
move,85.0,91.92388155425118,1,0,1,0
move,80.15609770940699,87.36131867136622,1,0,1,0
move,78.2368199762746,82.56512580987206,1,0,1,0
move,81.60882305241266,81.25269226308751,1,0,1,0
move,83.40863264674707,85.16454661418682,1,0,1,0
move,82.46211251235322,84.43340571124678,1,0,1,0
move,85.14693182963201,85.72630868059116,1,0,1,0
move,85.0411665018772,86.7294644281861,1,0,1,0
move,86.45229898620394,88.95504482602435,1,0,1,0
move,88.52683209061533,93.40770846134703,1,0,1,0
move,85.70297544426332,92.30926280715278,1,0,1,0
move,90.55385138137417,95.34149149242423,1,0,1,0
move,86.45229898620394,95.0789145920377,1,0,1,0
move,84.8999411071645,93.23089616645332,1,0,1,0
move,86.31338250816034,91.706052144883,1,0,1,0
move,85.70297544426332,92.13576938409967,1,0,1,0
idle,29.017236257093817,22.0,0,0,0,1
idle,25.96150997149434,21.470910553583888,0,0,1,0
idle,18.110770276274835,19.235384061671343,0,0,1,0
idle,13.416407864998739,18.681541692269406,0,0,1,0
idle,12.529964086141668,20.248456731316587,0,0,1,0
idle,22.360679774997898,22.20360331117452,0,0,1,0
idle,21.633307652783937,19.1049731745428,0,0,1,0
idle,18.027756377319946,20.223748416156685,0,0,1,0
idle,24.186773244895647,21.213203435596427,0,0,0,0
idle,23.769728648009426,17.0,0,0,1,0
idle,20.248456731316587,15.033296378372908,0,0,1,0
idle,20.248456731316587,17.029386365926403,0,0,1,0
idle,13.416407864998739,14.035668847618199,0,0,1,0
idle,22.561028345356956,15.0,0,0,1,0
idle,23.53720459187964,16.0312195418814,0,0,1,0
idle,21.095023109728988,16.0,0,0,1,0
idle,3.605551275463989,18.110770276274835,0,0,1,0
idle,11.313708498984761,17.26267650163207,0,0,0,1
idle,8.54400374531753,10.44030650891055,0,0,0,1
idle,2.23606797749979,12.041594578792296,0,0,0,1
idle,14.212670403551895,21.93171219946131,0,0,1,0
idle,29.206163733020468,22.02271554554524,0,0,1,0
idle,31.11269837220809,22.561028345356956,0,0,1,0
idle,35.4682957019364,22.20360331117452,0,0,1,0
idle,23.323807579381203,19.1049731745428,0,0,1,0
idle,19.79898987322333,17.029386365926403,0,0,1,0
idle,18.439088914585774,15.0,0,0,1,0
idle,15.556349186104045,12.165525060596439,0,0,1,0
idle,15.132745950421556,16.0312195418814,0,0,1,0
idle,12.041594578792296,16.0,0,0,1,0
idle,19.924858845171276,9.055385138137417,0,0,1,0
idle,22.135943621178654,5.385164807134504,0,0,1,0
idle,23.323807579381203,10.770329614269007,0,0,1,0
idle,23.021728866442675,12.165525060596439,0,0,1,0
idle,19.1049731745428,14.035668847618199,0,0,1,0
idle,25.553864678361276,10.44030650891055,0,0,1,0
idle,17.46424919657298,16.76305461424021,0,0,1,0
idle,22.80350850198276,16.492422502470642,0,0,1,0
idle,21.02379604162864,16.278820596099706,0,0,1,0
idle,20.518284528683193,16.0312195418814,0,0,1,0
idle,21.213203435596427,14.035668847618199,0,0,1,0
idle,19.849433241279208,14.317821063276353,0,0,1,0
idle,20.0,16.278820596099706,0,0,1,0
idle,18.027756377319946,14.035668847618199,0,0,1,0
idle,17.46424919657298,17.029386365926403,0,0,1,0
idle,12.041594578792296,12.0,0,0,0,1
idle,6.082762530298219,17.08800749063506,0,0,1,0
idle,14.035668847618199,15.811388300841896,0,0,1,0
idle,17.029386365926403,10.44030650891055,0,0,1,0
idle,22.20360331117452,8.0,0,0,1,0
idle,22.80350850198276,9.0,0,0,1,0
idle,23.430749027719962,11.40175425099138,0,0,1,0
idle,23.021728866442675,15.132745950421556,0,0,1,0
idle,21.93171219946131,12.649110640673518,0,0,1,0
idle,12.083045973594572,12.36931687685298,0,0,1,0
idle,12.727922061357855,11.045361017187261,0,0,1,0
idle,12.165525060596439,12.0,0,0,1,0
idle,11.40175425099138,11.180339887498949,0,0,0,0
idle,27.294688127912362,14.317821063276353,0,0,1,0
idle,27.80287754891569,12.649110640673518,0,0,1,0
idle,30.0,12.083045973594572,0,0,1,0
idle,27.80287754891569,7.615773105863909,0,0,1,0
idle,20.615528128088304,7.280109889280518,0,0,1,0
idle,31.304951684997057,17.029386365926403,0,0,1,0
idle,31.38470965295043,16.0,0,0,1,0
idle,34.539832078341085,14.142135623730951,0,0,1,0
idle,31.76476034853718,13.152946437965905,0,0,1,0
idle,34.66987164671943,13.341664064126334,0,0,1,0
idle,32.69556544854363,12.165525060596439,0,0,1,0
idle,35.35533905932738,18.110770276274835,0,0,1,0
idle,31.064449134018133,16.278820596099706,0,0,1,0
idle,20.223748416156685,10.44030650891055,0,0,1,0
idle,23.345235059857504,15.297058540778355,0,0,1,0
idle,22.0,16.278820596099706,0,0,1,0
idle,17.204650534085253,13.341664064126334,0,0,1,0
idle,22.135943621178654,13.416407864998739,0,0,1,0
idle,22.561028345356956,14.560219778561036,0,0,1,0
idle,22.20360331117452,16.0312195418814,0,0,1,0
idle,22.02271554554524,16.0312195418814,0,0,1,0
idle,18.027756377319946,14.142135623730951,0,0,1,0
idle,16.401219466856727,11.40175425099138,0,0,1,0
idle,14.212670403551895,12.649110640673518,0,0,1,0
idle,14.212670403551895,13.416407864998739,0,0,1,0
idle,14.142135623730951,14.560219778561036,0,0,1,0
idle,10.295630140987,11.180339887498949,0,0,1,0
idle,17.69180601295413,13.038404810405298,0,0,1,0
idle,19.1049731745428,11.40175425099138,0,0,1,0
idle,18.110770276274835,5.385164807134504,0,0,1,0
idle,21.93171219946131,7.0,0,0,1,0
idle,22.80350850198276,16.0312195418814,0,0,1,0
idle,33.97057550292606,18.681541692269406,0,0,1,0
idle,25.059928172283335,16.0,0,0,1,0
idle,27.018512172212592,18.027756377319946,0,0,1,0
idle,24.186773244895647,18.110770276274835,0,0,1,0
idle,19.4164878389476,18.027756377319946,0,0,1,0
idle,11.045361017187261,20.0,0,0,1,0
idle,7.280109889280518,16.0,0,0,1,0
idle,5.0990195135927845,17.08800749063506,0,0,1,0
idle,8.94427190999916,14.422205101855956,0,0,1,0
idle,25.495097567963924,5.656854249492381,0,0,1,0
idle,37.12142238654117,19.313207915827967,0,0,1,0
idle,36.24913792078372,17.72004514666935,0,0,1,0
idle,34.17601498127012,17.46424919657298,0,0,1,0
idle,31.622776601683793,18.439088914585774,0,0,1,0
idle,26.1725046566048,14.866068747318506,0,0,1,0
idle,26.248809496813376,17.26267650163207,0,0,1,0
idle,41.23105625617661,21.587033144922902,0,0,1,0
idle,45.48626166217664,22.561028345356956,0,0,1,0
idle,49.24428900898052,25.709920264364882,0,0,1,0
idle,39.824615503479755,20.615528128088304,0,0,1,0
idle,23.853720883753127,19.697715603592208,0,0,1,0
idle,20.591260281974,16.492422502470642,0,0,1,0
idle,17.46424919657298,16.278820596099706,0,0,1,0
idle,24.08318915758459,20.09975124224178,0,0,1,0
idle,35.0,21.587033144922902,0,0,1,0
idle,39.05124837953327,20.615528128088304,0,0,1,0
idle,34.92849839314596,18.24828759089466,0,0,1,0
idle,37.20215047547655,18.110770276274835,0,0,1,0
idle,30.23243291566195,15.297058540778355,0,0,1,0
idle,42.80186911806539,19.026297590440446,0,0,1,0
idle,38.948684188300895,17.26267650163207,0,0,1,0
idle,33.421549934136806,16.0,0,0,1,0
idle,33.97057550292606,14.0,0,0,1,0
idle,31.89043743820395,15.033296378372908,0,0,1,0
idle,32.202484376209235,14.317821063276353,0,0,1,0
idle,36.359317925395686,17.08800749063506,0,0,1,0
idle,33.28663395418648,17.72004514666935,0,0,1,0
idle,34.17601498127012,19.6468827043885,0,0,1,0
idle,39.56008088970496,21.840329667841555,0,0,1,0
idle,37.8549864614954,19.924858845171276,0,0,1,0
idle,18.439088914585774,12.165525060596439,0,0,1,0
idle,18.110770276274835,18.027756377319946,0,0,1,0
idle,11.180339887498949,17.029386365926403,0,0,1,0
idle,16.0312195418814,15.033296378372908,0,0,1,0
idle,21.0,13.341664064126334,0,0,1,0
idle,17.69180601295413,6.0,0,0,1,0
idle,16.76305461424021,8.246211251235321,0,0,1,0
idle,9.219544457292887,9.219544457292887,0,0,1,0
idle,24.08318915758459,12.041594578792296,0,0,1,0
idle,24.166091947189145,14.142135623730951,0,0,1,0
idle,25.495097567963924,15.0,0,0,1,0
idle,26.40075756488817,15.0,0,0,1,0
idle,28.284271247461902,13.038404810405298,0,0,1,0
idle,27.459060435491963,13.038404810405298,0,0,1,0
idle,29.68164415931166,13.038404810405298,0,0,1,0
idle,29.68164415931166,16.0,0,0,1,0
idle,25.059928172283335,15.0,0,0,1,0
idle,22.47220505424423,16.0312195418814,0,0,1,0
idle,32.449961479175904,8.54400374531753,1,1,1,0
idle,23.853720883753127,29.068883707497267,0,0,1,0
idle,12.041594578792296,15.132745950421556,0,0,1,0
idle,26.40075756488817,15.231546211727817,0,0,1,0
idle,28.792360097775937,15.033296378372908,0,0,1,0
idle,27.313000567495326,12.36931687685298,0,0,1,0
idle,25.495097567963924,12.165525060596439,0,0,1,0
idle,26.870057685088806,11.704699910719626,0,0,1,0
idle,29.0,13.92838827718412,0,0,1,0
idle,25.612496949731394,16.15549442140351,0,0,1,0
idle,29.966648127543394,15.652475842498529,0,0,1,0
idle,32.2490309931942,17.08800749063506,0,0,1,0
idle,34.40930106817051,13.92838827718412,0,0,1,0
idle,31.89043743820395,12.649110640673518,0,0,1,0
idle,31.89043743820395,13.601470508735444,0,0,1,0
idle,29.410882339705484,12.165525060596439,0,0,1,0
idle,30.610455730027933,11.180339887498949,0,0,1,0
idle,38.2099463490856,16.55294535724685,0,0,1,0
idle,25.0,14.866068747318506,0,0,1,0
idle,31.32091952673165,17.0,0,0,1,0
idle,29.614185789921695,17.08800749063506,0,0,1,0
idle,25.96150997149434,15.132745950421556,0,0,1,0
idle,29.5296461204668,14.866068747318506,0,0,1,0
idle,34.66987164671943,15.524174696260024,0,0,1,0
idle,38.897300677553446,13.92838827718412,0,0,1,0
idle,30.479501308256342,13.601470508735444,0,0,1,0
idle,31.89043743820395,13.152946437965905,0,0,1,0
idle,31.906112267087632,11.0,0,0,1,0
idle,32.55764119219941,7.0710678118654755,0,0,1,0
idle,32.28002478313795,16.0312195418814,0,0,1,0
idle,31.575306807693888,15.132745950421556,0,0,1,0
idle,31.78049716414141,13.0,0,0,1,0
idle,32.31098884280702,13.038404810405298,0,0,1,0
idle,35.11409973215888,16.0,0,0,1,0
idle,33.1058907144937,18.110770276274835,0,0,1,0
idle,32.69556544854363,20.09975124224178,0,0,1,0
idle,28.635642126552707,17.46424919657298,0,0,1,0
idle,26.40075756488817,17.26267650163207,0,0,1,0
idle,23.345235059857504,16.278820596099706,0,0,1,0
idle,18.384776310850235,16.278820596099706,0,0,1,0
idle,13.038404810405298,15.524174696260024,0,0,1,0
idle,8.06225774829855,16.0312195418814,0,0,1,0
idle,10.295630140987,17.029386365926403,0,0,1,0
idle,10.63014581273465,18.110770276274835,0,0,1,0
idle,12.649110640673518,15.524174696260024,0,0,1,0
idle,22.67156809750927,16.278820596099706,0,0,1,0
idle,26.40075756488817,13.0,0,0,1,0
idle,24.08318915758459,13.416407864998739,0,0,1,0
idle,27.586228448267445,6.4031242374328485,0,0,1,0
idle,30.4138126514911,3.605551275463989,0,0,1,0
idle,29.120439557122072,17.72004514666935,0,0,1,0
idle,33.24154027718932,18.439088914585774,0,0,1,0
idle,34.0,18.439088914585774,0,0,1,0
idle,32.0624390837628,19.1049731745428,0,0,1,0
idle,35.17101079013795,20.0,0,0,1,0
idle,27.65863337187866,15.132745950421556,0,0,1,0
idle,30.0,15.033296378372908,0,0,1,0
idle,33.301651610693426,17.26267650163207,0,0,1,0
idle,33.421549934136806,17.029386365926403,0,0,1,0
idle,26.870057685088806,17.029386365926403,0,0,1,0
idle,31.827660925679098,17.72004514666935,0,0,1,0
idle,33.94112549695428,18.027756377319946,0,0,1,0
idle,30.805843601498726,19.026297590440446,0,0,1,0
idle,34.88552708502482,20.0,0,0,1,0
idle,27.730849247724095,17.11724276862369,0,0,1,0
idle,26.076809620810597,18.24828759089466,0,0,1,0
idle,28.319604517012593,10.295630140987,0,0,1,0
idle,32.01562118716424,3.605551275463989,0,0,1,0
idle,34.0,15.524174696260024,0,0,1,0
idle,32.202484376209235,17.0,0,0,1,0
idle,29.832867780352597,15.033296378372908,0,0,1,0
idle,33.52610922848042,15.033296378372908,0,0,1,0
idle,29.068883707497267,14.035668847618199,0,0,1,0
idle,30.01666203960727,14.560219778561036,0,0,1,0
idle,35.34119409414458,17.029386365926403,0,0,1,0
idle,38.18376618407357,17.26267650163207,0,0,1,0
idle,39.6232255123179,17.08800749063506,0,0,1,0
idle,31.827660925679098,17.46424919657298,0,0,1,0
idle,31.827660925679098,17.26267650163207,0,0,1,0
idle,35.608987629529715,13.152946437965905,0,0,1,0
idle,34.66987164671943,10.0,0,0,1,0
idle,35.805027579936315,9.055385138137417,0,0,1,0
idle,38.28837943815329,8.06225774829855,0,0,1,0
idle,36.6742416417845,15.297058540778355,0,0,1,0
idle,35.84689665786984,16.278820596099706,0,0,1,0
idle,31.953090617340916,15.297058540778355,0,0,1,0
idle,31.953090617340916,16.1245154965971,0,0,1,0
idle,32.202484376209235,16.1245154965971,0,0,1,0
idle,34.132096331752024,16.0312195418814,0,0,1,0
idle,36.61966684720111,20.024984394500787,0,0,1,0
idle,40.36087214122113,19.1049731745428,0,0,1,0
idle,40.311288741492746,18.439088914585774,0,0,1,0
idle,37.53664875824692,17.08800749063506,0,0,1,0
idle,32.526911934581186,16.492422502470642,0,0,1,0
idle,28.0178514522438,15.297058540778355,0,0,1,0
idle,22.20360331117452,13.152946437965905,0,0,1,0
idle,22.561028345356956,13.152946437965905,0,0,1,0
idle,31.400636936215164,13.341664064126334,0,0,1,0
idle,30.01666203960727,14.0,0,0,1,0
idle,18.788294228055936,13.0,0,0,1,0
idle,31.906112267087632,14.035668847618199,0,0,1,0
idle,33.1058907144937,17.11724276862369,0,0,1,0
idle,28.160255680657446,14.142135623730951,0,0,1,0
idle,31.0,16.1245154965971,0,0,1,0
idle,33.015148038438355,19.1049731745428,0,0,1,0
idle,32.7566787083184,15.132745950421556,0,0,1,0
idle,30.675723300355934,15.033296378372908,0,0,1,0
idle,33.734255586866,17.11724276862369,0,0,1,0
idle,31.04834939252005,16.278820596099706,0,0,1,0
idle,31.622776601683793,13.038404810405298,0,0,1,0
idle,29.410882339705484,12.041594578792296,0,0,1,0
idle,18.24828759089466,11.40175425099138,0,0,1,0
idle,23.08679276123039,9.055385138137417,0,0,1,0
idle,24.186773244895647,8.06225774829855,0,0,1,0
idle,23.021728866442675,9.055385138137417,0,0,1,0
idle,26.90724809414742,8.0,0,0,1,0
idle,22.02271554554524,7.280109889280518,0,0,1,0
idle,23.769728648009426,6.324555320336759,0,0,1,0
idle,28.635642126552707,4.0,0,0,1,0
idle,27.459060435491963,3.1622776601683795,0,0,1,0
idle,31.953090617340916,17.11724276862369,0,0,1,0
idle,29.5296461204668,19.4164878389476,0,0,1,0
idle,41.14608122288197,17.46424919657298,0,0,1,0
idle,36.359317925395686,17.029386365926403,0,0,1,0
idle,37.57658845611187,12.083045973594572,0,0,1,0
idle,39.0,15.652475842498529,0,0,1,0
idle,45.221676218380054,18.027756377319946,0,0,1,0
idle,47.4236228055175,17.26267650163207,0,0,1,0
idle,46.06517122512408,18.24828759089466,0,0,1,0
idle,40.311288741492746,16.492422502470642,0,0,1,0
idle,29.546573405388315,12.649110640673518,0,0,1,0
idle,20.09975124224178,7.0710678118654755,0,0,1,0
idle,4.242640687119285,3.605551275463989,0,0,1,0
idle,19.6468827043885,8.94427190999916,0,0,1,0
idle,37.48332962798263,14.142135623730951,0,0,1,0
idle,33.015148038438355,16.64331697709324,0,0,1,0
idle,20.12461179749811,12.649110640673518,0,0,1,0
idle,24.020824298928627,10.44030650891055,0,0,1,0
idle,25.942243542145693,16.1245154965971,0,0,1,0
